insert into user (id, email, firstName, lastName, password, userStatus, userType, createTs, lupdTs, lupdUserId) VALUES(1, 'valentina.giacinti@telecomitalia.com', 'Valentina', 'Giacinti', 'Rosson1', 'Active', 'Administrator', '2020-01-16 20:00:00.0', '2020-01-19 20:00:00.0', 1);
insert into user (id, email, firstName, lastName, password, userStatus, userType, createTs, lupdTs, lupdUserId) VALUES(2, 'laura.fusetti@gmail.com', 'Laura', 'Fusetti', 'Rosse66', 'Inactive', 'Organization', '2020-01-16 20:00:00.0', '2020-01-19 20:00:00.0', 1);
insert into user (id, email, firstName, lastName, password, userStatus, userType, createTs, lupdTs, lupdUserId) VALUES(3, 'valentina.bergamaschi@hotmail.com', 'Valentina', 'Bergamaschi', 'Calcio33', 'Active', 'Organization', '2020-01-16 20:00:00.0', '2020-01-19 20:00:00.0', 1);
insert into user (id, email, firstName, lastName, password, userStatus, userType, createTs, lupdTs, lupdUserId) VALUES(4, 'alessia.piazza@telecomitalia.com', 'Alessia', 'Piazza', '9Brescia', 'Inactive', 'Event', '2020-01-16 20:00:00.0', '2020-01-19 20:00:00.0', 1);

insert into user (id, email, firstName, lastName, password, userStatus, userType, createTs, lupdTs, lupdUserId) VALUES(5, 'martina.capelli@telecomitalia.com', 'Martina', 'Capelli', 'Pass123', 'Active', 'Game', '2020-01-16 20:00:00.0', '2020-01-19 20:00:00.0', 1);
insert into user (id, email, firstName, lastName, password, userStatus, userType, createTs, lupdTs, lupdUserId) VALUES(6, 'valentina.giacinti@telecomitalia.com', 'Valentina', 'Giacinti', 'Rosson2', 'Active', 'Administrator', '2020-01-16 20:00:00.0', '2020-01-19 20:00:00.0', 4);
insert into user (id, email, firstName, lastName, password, userStatus, userType, createTs, lupdTs, lupdUserId) VALUES(7, 'dicriscio.federica@telecomitalia.com', 'Federica', 'Di Criscio', 'Turtle2', 'Active', 'Organization', '2020-01-16 20:00:00.0', '2020-01-19 20:00:00.0', 4);
insert into user (id, email, firstName, lastName, password, userStatus, userType, createTs, lupdTs, lupdUserId) VALUES(8, 'martina.zanoli@telecomitalia.com', 'Martina', 'Zanoli', 'Orobica3', 'Active', 'Administrator', '2020-01-16 20:00:00.0', '2020-01-19 20:00:00.0', 4);
insert into user (id, email, firstName, lastName, password, userStatus, userType, createTs, lupdTs, lupdUserId) VALUES(9, 'noemi.manno@gmail.com', 'Noemi', 'Manno', 'PinkPink2', 'Active', 'Organization', '2020-01-16 20:00:00.0', '2020-01-19 20:00:00.0', 4);
insert into user (id, email, firstName, lastName, password, userStatus, userType, createTs, lupdTs, lupdUserId) VALUES(10, 'irene.mazzella@yahoo.com', 'Irene', 'Mazzella', 'Mazzy3', 'Active', 'Organization', '2020-01-16 20:00:00.0', '2020-01-19 20:00:00.0', 4);
insert into user (id, email, firstName, lastName, password, userStatus, userType, createTs, lupdTs, lupdUserId) VALUES(11, 'sabrina.marta@gmail.com', 'Sabrina Marta', 'Marchese', 'Marchy99', 'Active', 'Organization', '2020-01-16 20:00:00.0', '2020-01-19 20:00:00.0', 4);

insert into organization (id, organizationName, address1, address2, city, state, zipCode, country, contactEmail, contactFirstName, contactLastName, contactPhone, startDate, endDate, createTs, lupdTs, lupdUserId) VALUES(1, 'FC Juventes', 'Via Stupinigi 182', 'Suite 456', 'Vinovo', 'Piedmont', '10048', 'Italy', 'cristiana.girelli@gmail.com', 'Cristiana', 'Girelli', '9093381808', '2016-02-21', '9999-12-31', '2015-10-27 20:00:00.0', '2020-01-18 20:00:00.0', 1);
insert into organization (id, organizationName, address1, address2, city, state, zipCode, country, contactEmail, contactFirstName, contactLastName, contactPhone, startDate, endDate, createTs, lupdTs, lupdUserId) VALUES(2, 'FC Juventes', 'Via Stupinigi 182', 'Suite 442', 'Vinovo', 'Piedmont', '10048', 'Italy', 'barbara.bonansea@gmail.com', 'Barbara', 'Bonansea', '9093381810', '2010-01-15', '2016-02-20', '2010-10-27 20:00:00.0', '2020-01-18 20:00:00.0', 1);
insert into organization (id, organizationName, address1, address2, city, state, zipCode, country, contactEmail, contactFirstName, contactLastName, contactPhone, startDate, endDate, createTs, lupdTs, lupdUserId) VALUES(3, 'FC Juventes', 'Via Stupinigi 182', 'Suite 789', 'Vinovo', 'Piedmont', '10048', 'Italy', 'aurora.galli@yahoo.com', 'Aurora', 'Galli', '9093381825', '1901-01-01', '1901-01-01', '2020-01-19 20:00:00.0', '2020-01-20 20:00:00.0', 1);

insert into organization (id, organizationName, address1, address2, city, state, zipCode, country, contactEmail, contactFirstName, contactLastName, contactPhone, startDate, endDate, createTs, lupdTs, lupdUserId) VALUES(4, 'Fiorentina FC', 'Via Ximenes 74/76', '', 'Firenze', 'Tuscany', '50014', 'Italy', 'tatiana.bonetti@yahoo.com', 'Tatiana', 'Bonetti', '9097047379', '2012-01-15', '9999-12-31', '2020-01-19 20:00:00.0', '2020-01-20 20:00:00.0', 1);
insert into organization (id, organizationName, address1, address2, city, state, zipCode, country, contactEmail, contactFirstName, contactLastName, contactPhone, startDate, endDate, createTs, lupdTs, lupdUserId) VALUES(5, 'US Sassuolo', 'Via Giacomo Matteotti, 80', 'Suite 5', 'Reggio Emilia', 'Emilia-Romagna', '42122', 'Italy', 'daniela.sabatino@telecomitalia.com', 'Daniela', 'Sabatino', '9097047728', '2012-01-15', '9999-12-31', '2020-01-19 20:00:00.0', '2020-01-20 20:00:00.0', 1);
insert into organization (id, organizationName, address1, address2, city, state, zipCode, country, contactEmail, contactFirstName, contactLastName, contactPhone, startDate, endDate, createTs, lupdTs, lupdUserId) VALUES(6, 'AC Milan SPA', 'Centro Sportivo Peppino', 'Arena Road', 'Milano', 'Lombardy', '20146', 'Italy', 'tucceri.cimini@telecomitalia.com', 'Tucceri', 'Cimini', '390248521', '2012-01-15', '9999-12-31', '2020-01-19 20:00:00.0', '2020-01-20 20:00:00.0', 1);
insert into organization (id, organizationName, address1, address2, city, state, zipCode, country, contactEmail, contactFirstName, contactLastName, contactPhone, startDate, endDate, createTs, lupdTs, lupdUserId) VALUES(7, 'UPC Tavagnacco', 'Via Sempione', '1', 'Adegliacco', 'Tavagnacco', '33010', 'Italy', 'veritti.federica@telecomitalia.com', 'Federica', 'Veritti', '390248521', '2012-01-15', '9999-12-31', '2020-01-19 20:00:00.0', '2020-01-20 20:00:00.0', 1);
insert into organization (id, organizationName, address1, address2, city, state, zipCode, country, contactEmail, contactFirstName, contactLastName, contactPhone, startDate, endDate, createTs, lupdTs, lupdUserId) VALUES(8, 'ASD Orobica Calcio Bergamo', 'Via Roma 38', 'Delete', 'Zanica', 'Napoli', '20786', 'Italy', 'martina.zanoli@telecomitalia.com', 'Martina', 'Zanoli', '390482521', '2017-01-15', '9999-12-31', '2020-01-19 20:00:00.0', '2020-01-20 20:00:00.0', 1);
insert into organization (id, organizationName, address1, address2, city, state, zipCode, country, contactEmail, contactFirstName, contactLastName, contactPhone, startDate, endDate, createTs, lupdTs, lupdUserId) VALUES(9, 'ASD Pink Sport Time Bari', 'Via Giovanni Arcidiacono, 25', 'Delete', 'Bari', 'Apulia', '33010', 'Italy', 'noemi.manno@gmail.com', 'Noemi', 'Manno', '398574221', '2015-01-15', '9999-12-31', '2020-01-19 20:00:00.0', '2020-01-20 20:00:00.0', 1);
insert into organization (id, organizationName, address1, address2, city, state, zipCode, country, contactEmail, contactFirstName, contactLastName, contactPhone, startDate, endDate, createTs, lupdTs, lupdUserId) VALUES(10, 'Empoli FC', 'Via di Pianezzoli', '', 'Empoli', 'Tuscany', '33891', 'irene.mazzella@yahoo.com', 'Italy', 'Irene', 'Mazzella', '385494221', '2014-01-15', '9999-12-31', '2020-01-19 20:00:00.0', '2020-01-20 20:00:00.0', 1);
insert into organization (id, organizationName, address1, address2, city, state, zipCode, country, contactEmail, contactFirstName, contactLastName, contactPhone, startDate, endDate, createTs, lupdTs, lupdUserId) VALUES(11, 'Hellas Verona', 'Via Anselmi', '9', 'Verona', 'Veneto', '37139', 'Italy', 'benedetta.glionna@hotmail.com', 'Benedetta', 'Glionna', '389851221', '2014-01-15', '9999-12-31', '2020-01-19 20:00:00.0', '2020-01-20 20:00:00.0', 1);
insert into organization (id, organizationName, address1, address2, city, state, zipCode, country, contactEmail, contactFirstName, contactLastName, contactPhone, startDate, endDate, createTs, lupdTs, lupdUserId) VALUES(12, 'Lazio ARL', 'Via Cina', '91', 'Roma', 'Lazio', '00144', 'Italy', 'apezzotti.hotmail.com', 'Arianna', 'Pezzotti', '389253251', '2016-01-01', '9999-12-31', '2020-01-19 20:00:00.0', '2020-01-20 20:00:00.0', 1);
insert into organization (id, organizationName, address1, address2, city, state, zipCode, country, contactEmail, contactFirstName, contactLastName, contactPhone, startDate, endDate, createTs, lupdTs, lupdUserId) VALUES(13, 'Ravenna FC', 'Ravenna', '39', 'San Zaccaria', 'Venice', '01500', 'Italy', 'lindacimini.telecomitalia.com', 'Linda', 'Tucceri Cimini', '351958471', '2016-06-01', '9999-12-31', '2020-01-19 20:00:00.0', '2020-01-20 20:00:00.0', 1);

insert into userOrganization (id, userId, organizationId) VALUES (1, 1, 1);
insert into userOrganization (id, userId, organizationId) VALUES (2, 2, 1);
insert into userOrganization (id, userId, organizationId) VALUES (3, 3, 1);
insert into userOrganization (id, userId, organizationId) VALUES (4, 4, 1);

insert into userOrganization (id, userId, organizationId) VALUES (5, 5, 2);
insert into userOrganization (id, userId, organizationId) VALUES (6, 6, 4);
insert into userOrganization (id, userId, organizationId) VALUES (7, 7, 6);
insert into userOrganization (id, userId, organizationId) VALUES (8, 8, 8);
insert into userOrganization (id, userId, organizationId) VALUES (9, 9, 9);
insert into userOrganization (id, userId, organizationId) VALUES (10, 10, 10);
insert into userOrganization (id, userId, organizationId) VALUES (11, 11, 12);

insert into organizationTeam (id, organizationId, teamName, city, state, zipCode, country, createTs, lupdTs, lupdUserId) VALUES(1, 1, 'BaseTeam1', '', '', '', '', '2020-01-16 20:00:00.0', '2020-01-19 20:00:00.0', 2);
insert into organizationTeam (id, organizationId, teamName, city, state, zipCode, country, createTs, lupdTs, lupdUserId) VALUES(2, 1, 'Verona', 'Naples', 'Campania', '10052', 'Italy', '2020-01-16 20:00:00.0', '2020-01-19 20:00:00.0', 2);
insert into organizationTeam (id, organizationId, teamName, city, state, zipCode, country, createTs, lupdTs, lupdUserId) VALUES(3, 1, 'Inter Milan', 'Milan', 'Lombardy', '10096', 'Italy', '2020-01-16 20:00:00.0', '2020-01-19 20:00:00.0', 1);
insert into organizationTeam (id, organizationId, teamName, city, state, zipCode, country, createTs, lupdTs, lupdUserId) VALUES(4, 1, 'Milan', 'Milan', 'Lombardy', '', 'Italy', '2020-01-16 20:00:00.0', '2020-01-19 20:00:00.0', 1);

insert into organizationTeam (id, organizationId, teamName, city, state, zipCode, country, createTs, lupdTs, lupdUserId) VALUES(5, 4, 'Tavarnuzze', 'Impruneta', 'Trentino', '', 'Italy', '2020-01-16 20:00:00.0', '2020-01-19 20:00:00.0', 2);
insert into organizationTeam (id, organizationId, teamName, city, state, zipCode, country, createTs, lupdTs, lupdUserId) VALUES(6, 7, 'Tavagnacco', 'Adegliacco', 'Tavagnacco', '', 'Italy', '2020-01-16 20:00:00.0', '2020-01-19 20:00:00.0', 2);
insert into organizationTeam (id, organizationId, teamName, city, state, zipCode, country, createTs, lupdTs, lupdUserId) VALUES(7, 7, 'Orobica', 'Zanica', 'Lombardy', '', 'Italy', '2020-01-16 20:00:00.0', '2020-01-19 20:00:00.0', 2);
insert into organizationTeam (id, organizationId, teamName, city, state, zipCode, country, createTs, lupdTs, lupdUserId) VALUES(8, 8, 'Naples', 'Naples', 'Campania', '', 'Italy', '2020-01-16 20:00:00.0', '2020-01-19 20:00:00.0', 2);
insert into organizationTeam (id, organizationId, teamName, city, state, zipCode, country, createTs, lupdTs, lupdUserId) VALUES(9, 9, 'Perugia', 'Perugia', 'Lombardy', '', 'Italy', '2020-01-16 20:00:00.0', '2020-01-19 20:00:00.0', 2);
insert into organizationTeam (id, organizationId, teamName, city, state, zipCode, country, createTs, lupdTs, lupdUserId) VALUES(10, 10, 'Napoli', 'Napoli', 'Campania', '', 'Italy', '2020-01-16 20:00:00.0', '2020-01-19 20:00:00.0', 2);
insert into organizationTeam (id, organizationId, teamName, city, state, zipCode, country, createTs, lupdTs, lupdUserId) VALUES(11, 11, 'Napoli', 'Napoli', 'Campania', '', 'Italy', '2020-01-16 20:00:00.0', '2020-01-19 20:00:00.0', 2);
insert into organizationTeam (id, organizationId, teamName, city, state, zipCode, country, createTs, lupdTs, lupdUserId) VALUES(12, 11, 'Milan', 'Milan', 'Lombardy', '', 'Italy', '2020-01-16 20:00:00.0', '2020-01-19 20:00:00.0', 2);
insert into organizationTeam (id, organizationId, teamName, city, state, zipCode, country, createTs, lupdTs, lupdUserId) VALUES(13, 13, 'BaseTeam', '', '', '', '', '2020-01-16 20:00:00.0', '2020-01-19 20:00:00.0', 2);
insert into organizationTeam (id, organizationId, teamName, city, state, zipCode, country, createTs, lupdTs, lupdUserId) VALUES(14, 13, 'AS Roma SPA', 'Rome', 'Lazio', '00144', 'Italy', '2020-01-16 20:00:00.0', '2020-01-19 20:00:00.0', 2);

insert into organizationTeam (id, organizationId, teamName, city, state, zipCode, country, createTs, lupdTs, lupdUserId) VALUES(15, 2, 'BaseTeam1', '', '', '', '', '2020-01-16 20:00:00.0', '2020-01-19 20:00:00.0', 2);
insert into organizationTeam (id, organizationId, teamName, city, state, zipCode, country, createTs, lupdTs, lupdUserId) VALUES(16, 2, 'Verona', 'Naples', 'Campania', '10052', 'Italy', '2020-01-16 20:00:00.0', '2020-01-19 20:00:00.0', 2);
insert into organizationTeam (id, organizationId, teamName, city, state, zipCode, country, createTs, lupdTs, lupdUserId) VALUES(17, 2, 'BaseTeam2', '', '', '', '', '2020-01-16 20:00:00.0', '2020-01-19 20:00:00.0', 1);
insert into organizationTeam (id, organizationId, teamName, city, state, zipCode, country, createTs, lupdTs, lupdUserId) VALUES(18, 2, 'Roma CF', 'Rome', 'Lazio', '', 'Italy', '2020-01-16 20:00:00.0', '2020-01-19 20:00:00.0', 1);

insert into organizationTeam (id, organizationId, teamName, city, state, zipCode, country, createTs, lupdTs, lupdUserId) VALUES(19, 6, 'Chievo Verona', '', '', '', 'Italy', '2020-01-16 20:00:00.0', '2020-01-19 20:00:00.0', 1);
insert into organizationTeam (id, organizationId, teamName, city, state, zipCode, country, createTs, lupdTs, lupdUserId) VALUES(20, 6, 'Tavagnacco', '', '', '', 'Italy', '2020-01-16 20:00:00.0', '2020-01-19 20:00:00.0', 1);

insert into organizationLocation (id, organizationId, locationName, address1, address2, city, state, zipCode, country, createTs, lupdTs, lupdUserId) VALUES(1, 1, 'BaseLocation1', '', '', '', '', '', '', '2020-01-16 20:00:00.0', '2020-01-19 20:00:00.0', 2);
insert into organizationLocation (id, organizationId, locationName, address1, address2, city, state, zipCode, country, createTs, lupdTs, lupdUserId) VALUES(2, 1, 'Verona Arena', '123 Main Street', 'Suite 1', 'Naples', 'Campania', '10052', 'Italy', '2020-01-16 20:00:00.0', '2020-01-19 20:00:00.0', 2);

insert into organizationLocation (id, organizationId, locationName, address1, address2, city, state, zipCode, country, createTs, lupdTs, lupdUserId) VALUES(3, 2, 'San Siro', '456 Central Avenue', 'PO Box 16', 'Milan', 'Lombardy', '10096', 'Italy', '2020-01-16 20:00:00.0', '2020-01-19 20:00:00.0', 1);
insert into organizationLocation (id, organizationId, locationName, address1, address2, city, state, zipCode, country, createTs, lupdTs, lupdUserId) VALUES(4, 2, 'Giuseppe Meazza Stadium', '890 Park Street', '', 'Milan', 'Lombardy', '10094', 'Italy', '2020-01-16 20:00:00.0', '2020-01-19 20:00:00.0', 1);
insert into organizationLocation (id, organizationId, locationName, address1, address2, city, state, zipCode, country, createTs, lupdTs, lupdUserId) VALUES(5, 4, 'Stadio Briamasco', '321 Church Street', '2nd Floor', 'Trento', 'Trentino', '10036', 'Italy', '2020-01-16 20:00:00.0', '2020-01-19 20:00:00.0', 2);
insert into organizationLocation (id, organizationId, locationName, address1, address2, city, state, zipCode, country, createTs, lupdTs, lupdUserId) VALUES(6, 7, 'Municipal Stadium of Tavagnacco', '1 Via Sempione', '', 'Tavagnacco', 'Friuli-Venezia Giulia', '33010', 'Italy', '2020-01-16 20:00:00.0', '2020-01-19 20:00:00.0', 2);
insert into organizationLocation (id, organizationId, locationName, address1, address2, city, state, zipCode, country, createTs, lupdTs, lupdUserId) VALUES(7, 8, 'Municipal Stadium of San Sisto', 'Strada Ospedalone', 'S.Francesco', 'Perugia', 'Lombardy', '10098', 'Italy', '2020-01-16 20:00:00.0', '2020-01-19 20:00:00.0', 2);
insert into organizationLocation (id, organizationId, locationName, address1, address2, city, state, zipCode, country, createTs, lupdTs, lupdUserId) VALUES(8, 9, 'CSM Soprani Sports Field', '1 Via Ravenna', '', 'Ravenna', 'Emilia-Romagna', '39170', 'Italy', '2020-01-16 20:00:00.0', '2020-01-19 20:00:00.0', 2);
insert into organizationLocation (id, organizationId, locationName, address1, address2, city, state, zipCode, country, createTs, lupdTs, lupdUserId) VALUES(9, 10, 'Monteboro Sports Center', '1 Via Basta', '', 'Empoli', 'Tuscany', '33891', 'Italy', '2020-01-16 20:00:00.0', '2020-01-19 20:00:00.0', 2);
insert into organizationLocation (id, organizationId, locationName, address1, address2, city, state, zipCode, country, createTs, lupdTs, lupdUserId) VALUES(10, 11, 'Stadium AGSM Olivieri', 'Via Anselmi, 9', '', 'Verona', 'Campania', '10052', 'Italy', '2020-01-16 20:00:00.0', '2020-01-19 20:00:00.0', 2);
insert into organizationLocation (id, organizationId, locationName, address1, address2, city, state, zipCode, country, createTs, lupdTs, lupdUserId) VALUES(11, 13, 'BaseLocation', '', '', '', '', '', '', '', '2020-01-16 20:00:00.0', '2020-01-19 20:00:00.0', 2);
insert into organizationLocation (id, organizationId, locationName, address1, address2, city, state, zipCode, country, createTs, lupdTs, lupdUserId) VALUES(12, 13, 'Campo Sportivo CSM Soprani', 'Vicolo della Vecchia', '2', 'San Zaccaria', 'Venice', '48125', 'Italy', '2020-01-16 20:00:00.0', '2020-01-19 20:00:00.0', 2);

insert into organizationLocation (id, organizationId, locationName, address1, address2, city, state, zipCode, country, createTs, lupdTs, lupdUserId) VALUES(13, 2, 'BaseLocation1', '', '', '', '', '', '', '2020-01-16 20:00:00.0', '2020-01-19 20:00:00.0', 2);
insert into organizationLocation (id, organizationId, locationName, address1, address2, city, state, zipCode, country, createTs, lupdTs, lupdUserId) VALUES(14, 6, 'Brescia Sportivo Club', '', '', '', '', '', 'Italy', '2020-01-16 20:00:00.0', '2020-01-19 20:00:00.0', 2);
insert into organizationLocation (id, organizationId, locationName, address1, address2, city, state, zipCode, country, createTs, lupdTs, lupdUserId) VALUES(15, 7, 'Stadio Comunale Tavagnacco', 'Via Tolmezzo 5', '', 'Tavagnacco', 'Friuli-Venezia Giulia', '33010', 'Italy', '2020-01-16 20:00:00.0', '2020-01-19 20:00:00.0', 2);

insert into event (id, organizationId, startDate, endDate, templateType, eventName, eventStatus, eventType, sport, createTs, lupdTs, lupdUserId) VALUES(1, 1, '2020-09-29', '2020-09-30', 'four_x_four_pp', 'Campania Regional Frosh Soph Tournament', 'Sandbox', 'Tournament', 'WaterPolo', '2020-01-16 20:00:00.0', '2020-01-19 20:00:00.0', 2);
insert into event (id, organizationId, startDate, endDate, templateType, eventName, eventStatus, eventType, sport, createTs, lupdTs, lupdUserId) VALUES(2, 1, '2019-09-24', '2019-09-25', 'four_x_four_pp', 'Lombardy Halloween Invitational', 'Scheduled', 'Tournament', 'WaterPolo', '2020-01-19 20:00:00.0', '2020-01-16 20:00:00.0', 1);
insert into event (id, organizationId, startDate, endDate, templateType, eventName, eventStatus, eventType, sport, createTs, lupdTs, lupdUserId) VALUES(3, 1, '2020-10-24', '2020-10-25', 'four_x_four_pp', 'Lombardy Halloween Invitational', 'InProgress', 'Tournament', 'WaterPolo', '2020-01-16 20:00:00.0', '2020-01-19 20:00:00.0', 1);

insert into event (id, organizationId, startDate, endDate, templateType, eventName, eventStatus, eventType, sport, createTs, lupdTs, lupdUserId) VALUES(4, 5, '2020-08-24', '2020-08-25', 'four_x_four_pp', 'Trentino Sections Tournament', 'Complete', 'Tournament', 'Lacrosse', '2020-01-16 20:00:00.0', '2019-01-19 20:00:00.0', 2);
insert into event (id, organizationId, startDate, endDate, templateType, eventName, eventStatus, eventType, sport, createTs, lupdTs, lupdUserId) VALUES(5, 5, '2020-08-24', '2020-08-25', 'four_x_four_rr', 'Trentino Sections Tournament', 'Sandbox', 'Tournament', 'Lacrosse', '2020-01-16 20:00:00.0', '2020-01-19 20:00:00.0', 2);
insert into event (id, organizationId, startDate, endDate, templateType, eventName, eventStatus, eventType, sport, createTs, lupdTs, lupdUserId) VALUES(6, 6, '2020-10-30', '2020-10-31', 'four_x_four_pp', 'Lombardy Memorial Tournament', 'Sandbox', 'Tournament', 'WaterPolo', '2020-01-16 20:00:00.0', '2020-01-19 20:00:00.0', 1);
insert into event (id, organizationId, startDate, endDate, templateType, eventName, eventStatus, eventType, sport, createTs, lupdTs, lupdUserId) VALUES(7, 7, '2020-10-30', '2020-10-31', 'four_x_four_pp', 'Pisa World Cup', 'Sandbox', 'Tournament', 'WaterPolo', '2020-01-16 20:00:00.0', '2020-01-19 20:00:00.0', 1);
insert into event (id, organizationId, startDate, endDate, templateType, eventName, eventStatus, eventType, sport, createTs, lupdTs, lupdUserId) VALUES(8, 11, '2010-01-20', '2010-01-21', 'four_x_four_pp', 'Reddan Thunder Invitational', 'Sandbox', 'Tournament', 'WaterPolo', '2020-01-16 20:00:00.0', '2020-01-19 20:00:00.0', 1);
insert into event (id, organizationId, startDate, endDate, templateType, eventName, eventStatus, eventType, sport, createTs, lupdTs, lupdUserId) VALUES(9, 11, '2011-01-20', '2011-01-21', 'four_x_four_rr', 'Reddan Thunder Invitational', 'Sandbox', 'Tournament', 'WaterPolo', '2020-01-16 20:00:00.0', '2020-01-19 20:00:00.0', 1);
insert into event (id, organizationId, startDate, endDate, templateType, eventName, eventStatus, eventType, sport, createTs, lupdTs, lupdUserId) VALUES(10, 13, '2020-05-20', '2020-05-21', 'four_x_four_rr', 'Campo Sportivo Spring Classic', 'Sandbox', 'Tournament', 'WaterPolo', '2020-01-16 20:00:00.0', '2020-01-19 20:00:00.0', 1);

insert into event (id, organizationId, startDate, endDate, templateType, eventName, eventStatus, eventType, sport, createTs, lupdTs, lupdUserId) VALUES(11, 2, '2014-07-24', '2014-07-25', 'four_x_four_pp', 'Trofeo Angelo Tournament', 'Complete', 'Tournament', 'WaterPolo', '2014-01-19 20:00:00.0', '2020-01-16 20:00:00.0', 1);


insert into eventTeam (id, eventId, organizationTeamId) VALUES(1, 1, 1);
insert into eventTeam (id, eventId, organizationTeamId) VALUES(2, 1, 2);
insert into eventTeam (id, eventId, organizationTeamId) VALUES(3, 1, 3);
insert into eventTeam (id, eventId, organizationTeamId) VALUES(4, 1, 4);

insert into eventTeam (id, eventId, organizationTeamId) VALUES(5, 8, 12);
insert into eventTeam (id, eventId, organizationTeamId) VALUES(6, 9, 11);
insert into eventTeam (id, eventId, organizationTeamId) VALUES(7, 9, 12);
insert into eventTeam (id, eventId, organizationTeamId) VALUES(8, 10, 13);
insert into eventTeam (id, eventId, organizationTeamId) VALUES(9, 10, 14);

insert into eventTeam (id, eventId, organizationTeamId) VALUES(10, 2, 15);
insert into eventTeam (id, eventId, organizationTeamId) VALUES(11, 2, 16);
insert into eventTeam (id, eventId, organizationTeamId) VALUES(12, 2, 17);
insert into eventTeam (id, eventId, organizationTeamId) VALUES(13, 2, 18);

insert into eventTeam (id, eventId, organizationTeamId) VALUES(14, 6, 19);
insert into eventTeam (id, eventId, organizationTeamId) VALUES(15, 6, 20);

insert into eventTeamRanking (id, eventTeamId, rankingType, ranking) VALUES(1, 1, 'Initial', 1);
insert into eventTeamRanking (id, eventTeamId, rankingType, ranking) VALUES(2, 2, 'Initial', 2);
insert into eventTeamRanking (id, eventTeamId, rankingType, ranking) VALUES(3, 4, 'Initial', 3);
insert into eventTeamRanking (id, eventTeamId, rankingType, ranking) VALUES(4, 4, 'Initial', 4);
insert into eventTeamRanking (id, eventTeamId, rankingType, ranking) VALUES(5, 1, 'End', 2);
insert into eventTeamRanking (id, eventTeamId, rankingType, ranking) VALUES(6, 2, 'End', 1);
insert into eventTeamRanking (id, eventTeamId, rankingType, ranking) VALUES(7, 3, 'End', 4);
insert into eventTeamRanking (id, eventTeamId, rankingType, ranking) VALUES(8, 4, 'End', 3);

insert into gameDate (id, eventId, gameDate) VALUES(1, 1, '2020-09-29');
insert into gameDate (id, eventId, gameDate) VALUES(2, 1, '2020-09-30');

insert into gameDate (id, eventId, gameDate) VALUES(3, 7, '2020-10-30');
insert into gameDate (id, eventId, gameDate) VALUES(4, 8, '2010-01-20');
insert into gameDate (id, eventId, gameDate) VALUES(5, 9, '2011-01-20');
insert into gameDate (id, eventId, gameDate) VALUES(6, 10, '2020-05-20');

insert into gameDate (id, eventId, gameDate) VALUES(7, 11, '2010-01-15');
insert into gameDate (id, eventId, gameDate) VALUES(8, 6, '2020-10-30');

insert into gameLocation (id, gameDateId, organizationLocationId, baseLocationName, startTime) VALUES(1, 1, 1, 'BaseLocation1', '20:00:00.0');
insert into gameLocation (id, gameDateId, organizationLocationId, baseLocationName, startTime) VALUES(2, 1, 2, 'BaseLocation2', '19:30:00.0');
insert into gameLocation (id, gameDateId, organizationLocationId, baseLocationName, startTime) VALUES(3, 2, 1, 'BaseLocation1', '08:00:00.0');
insert into gameLocation (id, gameDateId, organizationLocationId, baseLocationName, startTime) VALUES(4, 2, 2, 'BaseLocation2', '07:30:00.0');

insert into gameLocation (id, gameDateId, organizationLocationId, baseLocationName, startTime) VALUES(5, 3, 8, 'BaseLocation1', '07:30:00.0');
insert into gameLocation (id, gameDateId, organizationLocationId, baseLocationName, startTime) VALUES(6, 4, 9, '', '07:30:00.0');
insert into gameLocation (id, gameDateId, organizationLocationId, baseLocationName, startTime) VALUES(7, 5, 9, '', '07:30:00.0');
insert into gameLocation (id, gameDateId, organizationLocationId, baseLocationName, startTime) VALUES(8, 6, 12, '', '07:30:00.0');

insert into gameLocation (id, gameDateId, organizationLocationId, baseLocationName, startTime) VALUES(9, 7, 13, '', '07:30:00.0');
insert into gameLocation (id, gameDateId, organizationLocationId, baseLocationName, startTime) VALUES(10, 8, 14, 'BaseLocation1', '07:30:00.0');

insert into gameRound (id, gameLocationId, gameType, gameDuration) VALUES(1, 1, 'GroupPlay', 45);
insert into gameRound (id, gameLocationId, gameType, gameDuration) VALUES(2, 2, 'GroupPlay', 45);
insert into gameRound (id, gameLocationId, gameType, gameDuration) VALUES(3, 3, 'Final', 50);
insert into gameRound (id, gameLocationId, gameType, gameDuration) VALUES(4, 4, 'Final', 50);

insert into gameRound (id, gameLocationId, gameType, gameDuration) VALUES(5, 5, 'Final', 50);
insert into gameRound (id, gameLocationId, gameType, gameDuration) VALUES(6, 6, 'Final', 50);
insert into gameRound (id, gameLocationId, gameType, gameDuration) VALUES(7, 7, 'Final', 50);
insert into gameRound (id, gameLocationId, gameType, gameDuration) VALUES(8, 8, 'Final', 35);

insert into gameRound (id, gameLocationId, gameType, gameDuration) VALUES(9, 9, 'Final', 35);
insert into gameRound (id, gameLocationId, gameType, gameDuration) VALUES(10, 10, 'Final', 35);

insert into game (id, gameRoundId, startTime, gameStatus, createTs, lupdTs, lupdUserId) VALUES(1, 1, '08:00:00.0', 'Completed', '2020-01-16 20:00:00.0', '2020-01-19 20:00:00.0', 2);
insert into game (id, gameRoundId, startTime, gameStatus, createTs, lupdTs, lupdUserId) VALUES(2, 2, '10:00:00.0', 'Scheduled', '2020-01-16 20:00:00.0', '2020-01-19 20:00:00.0', 2);
insert into game (id, gameRoundId, startTime, gameStatus, createTs, lupdTs, lupdUserId) VALUES(3, 3, '09:00:00.0', 'Scheduled', '2020-01-16 20:00:00.0', '2020-01-19 20:00:00.0', 2);
insert into game (id, gameRoundId, startTime, gameStatus, createTs, lupdTs, lupdUserId) VALUES(4, 4, '11:00:00.0', 'Scheduled', '2020-01-16 20:00:00.0', '2020-01-19 20:00:00.0', 2);

insert into game (id, gameRoundId, startTime, gameStatus, createTs, lupdTs, lupdUserId) VALUES(5, 5, '07:00:00.0', 'Forfeited', '2020-01-16 20:00:00.0', '2020-01-19 20:00:00.0', 2);
insert into game (id, gameRoundId, startTime, gameStatus, createTs, lupdTs, lupdUserId) VALUES(6, 6, '16:00:00.0', 'Scheduled', '2020-01-16 20:00:00.0', '2020-01-19 20:00:00.0', 2);
insert into game (id, gameRoundId, startTime, gameStatus, createTs, lupdTs, lupdUserId) VALUES(7, 6, '07:00:00.0', 'Scheduled', '2020-01-16 20:00:00.0', '2020-01-19 20:00:00.0', 2);
--insert into game (id, gameRoundId, startTime, gameStatus, createTs, lupdTs, lupdUserId) VALUES(8, 3, '07:00:00.0', 'Scheduled', '2020-01-16 20:00:00.0', '2020-01-19 20:00:00.0', 2);
--insert into game (id, gameRoundId, startTime, gameStatus, createTs, lupdTs, lupdUserId) VALUES(9, 4, '07:00:00.0', 'Scheduled', '2020-01-16 20:00:00.0', '2020-01-19 20:00:00.0', 2);
insert into game (id, gameRoundId, startTime, gameStatus, createTs, lupdTs, lupdUserId) VALUES(10, 5, '06:00:00.0', 'Scheduled', '2020-01-16 20:00:00.0', '2020-01-19 20:00:00.0', 2);
insert into game (id, gameRoundId, startTime, gameStatus, createTs, lupdTs, lupdUserId) VALUES(11, 6, '07:00:00.0', 'Scheduled', '2020-01-16 20:00:00.0', '2020-01-19 20:00:00.0', 2);
insert into game (id, gameRoundId, startTime, gameStatus, createTs, lupdTs, lupdUserId) VALUES(12, 6, '10:00:00.0', 'Scheduled', '2020-01-16 20:00:00.0', '2020-01-19 20:00:00.0', 2);
insert into game (id, gameRoundId, startTime, gameStatus, createTs, lupdTs, lupdUserId) VALUES(13, 7, '07:00:00.0', 'Scheduled', '2020-01-16 20:00:00.0', '2020-01-19 20:00:00.0', 2);
insert into game (id, gameRoundId, startTime, gameStatus, createTs, lupdTs, lupdUserId) VALUES(14, 7, '10:00:00.0', 'Scheduled', '2020-01-16 20:00:00.0', '2020-01-19 20:00:00.0', 2);
--insert into game (id, gameRoundId, startTime, gameStatus, createTs, lupdTs, lupdUserId) VALUES(15, 3, '11:00:00.0', 'Scheduled', '2020-01-16 20:00:00.0', '2020-01-19 20:00:00.0', 2);
insert into game (id, gameRoundId, startTime, gameStatus, createTs, lupdTs, lupdUserId) VALUES(16, 8, '08:00:00.0', 'Completed', '2020-01-16 20:00:00.0', '2020-01-19 20:00:00.0', 2);

insert into game (id, gameRoundId, startTime, gameStatus, createTs, lupdTs, lupdUserId) VALUES(17, 9, '08:00:00.0', 'Scheduled', '2020-01-16 20:00:00.0', '2020-01-19 20:00:00.0', 2);
insert into game (id, gameRoundId, startTime, gameStatus, createTs, lupdTs, lupdUserId) VALUES(18, 9, '09:00:00.0', 'Scheduled', '2020-01-16 20:00:00.0', '2020-01-19 20:00:00.0', 2);
insert into game (id, gameRoundId, startTime, gameStatus, createTs, lupdTs, lupdUserId) VALUES(19, 9, '13:00:00.0', 'Scheduled', '2020-01-16 20:00:00.0', '2020-01-19 20:00:00.0', 2);
insert into game (id, gameRoundId, startTime, gameStatus, createTs, lupdTs, lupdUserId) VALUES(20, 9, '14:00:00.0', 'Scheduled', '2020-01-16 20:00:00.0', '2020-01-19 20:00:00.0', 2);
insert into game (id, gameRoundId, startTime, gameStatus, createTs, lupdTs, lupdUserId) VALUES(21, 9, '15:00:00.0', 'Scheduled', '2020-01-16 20:00:00.0', '2020-01-19 20:00:00.0', 2);
insert into game (id, gameRoundId, startTime, gameStatus, createTs, lupdTs, lupdUserId) VALUES(22, 10, '15:00:00.0', 'Scheduled', '2020-01-16 20:00:00.0', '2020-01-19 20:00:00.0', 2);

insert into gameTeam (id, gameId, eventTeamId, homeTeam, pointsScored) VALUES(1, 1, 1, TRUE, 14);
insert into gameTeam (id, gameId, eventTeamId, homeTeam, pointsScored) VALUES(2, 1, 2, FALSE, 5);
insert into gameTeam (id, gameId, eventTeamId, homeTeam, pointsScored) VALUES(3, 2, 3, TRUE, 14);
insert into gameTeam (id, gameId, eventTeamId, homeTeam, pointsScored) VALUES(4, 2, 4, FALSE, 14);
insert into gameTeam (id, gameId, eventTeamId, homeTeam, pointsScored) VALUES(5, 3, 1, TRUE, 14);
insert into gameTeam (id, gameId, eventTeamId, homeTeam, pointsScored) VALUES(6, 3, 3, TRUE, 14);
insert into gameTeam (id, gameId, eventTeamId, homeTeam, pointsScored) VALUES(7, 4, 2, FALSE, 14);
insert into gameTeam (id, gameId, eventTeamId, homeTeam, pointsScored) VALUES(8, 4, 4, TRUE, 14);

insert into gameTeam (id, gameId, eventTeamId, homeTeam, pointsScored) VALUES(9, 9, 5, FALSE, 14);
insert into gameTeam (id, gameId, eventTeamId, homeTeam, pointsScored) VALUES(10, 10, 6, TRUE, 14);
insert into gameTeam (id, gameId, eventTeamId, homeTeam, pointsScored) VALUES(11, 11, 7, FALSE, 14);
insert into gameTeam (id, gameId, eventTeamId, homeTeam, pointsScored) VALUES(12, 12, 5, TRUE, 14);
insert into gameTeam (id, gameId, eventTeamId, homeTeam, pointsScored) VALUES(13, 13, 6, FALSE, 14);
insert into gameTeam (id, gameId, eventTeamId, homeTeam, pointsScored) VALUES(14, 14, 7, TRUE, 14);
insert into gameTeam (id, gameId, eventTeamId, homeTeam, pointsScored) VALUES(15, 15, 6, FALSE, 14);
insert into gameTeam (id, gameId, eventTeamId, homeTeam, pointsScored) VALUES(16, 15, 7, TRUE, 14);
insert into gameTeam (id, gameId, eventTeamId, homeTeam, pointsScored) VALUES(17, 16, 8, FALSE, 12);
insert into gameTeam (id, gameId, eventTeamId, homeTeam, pointsScored) VALUES(18, 16, 9, TRUE, 8);

insert into gameTeam (id, gameId, eventTeamId, homeTeam, pointsScored) VALUES(19, 17, 10, TRUE, 14);
insert into gameTeam (id, gameId, eventTeamId, homeTeam, pointsScored) VALUES(20, 17, 11, FALSE, 5);
insert into gameTeam (id, gameId, eventTeamId, homeTeam, pointsScored) VALUES(21, 18, 12, TRUE, 14);
insert into gameTeam (id, gameId, eventTeamId, homeTeam, pointsScored) VALUES(22, 18, 13, FALSE, 14);
insert into gameTeam (id, gameId, eventTeamId, homeTeam, pointsScored) VALUES(23, 19, 10, TRUE, 14);
insert into gameTeam (id, gameId, eventTeamId, homeTeam, pointsScored) VALUES(24, 19, 11, FALSE, 5);
insert into gameTeam (id, gameId, eventTeamId, homeTeam, pointsScored) VALUES(25, 20, 12, TRUE, 14);
insert into gameTeam (id, gameId, eventTeamId, homeTeam, pointsScored) VALUES(26, 20, 13, FALSE, 14);
insert into gameTeam (id, gameId, eventTeamId, homeTeam, pointsScored) VALUES(27, 21, 10, TRUE, 14);
insert into gameTeam (id, gameId, eventTeamId, homeTeam, pointsScored) VALUES(28, 21, 11, FALSE, 14);

insert into gameTeam (id, gameId, eventTeamId, homeTeam, pointsScored) VALUES(29, 22, 14, TRUE, 14);
insert into gameTeam (id, gameId, eventTeamId, homeTeam, pointsScored) VALUES(30, 22, 15, FALSE, 14);
